{
  "lat_min": 26.9079886,
  "lat_max": 26.9168359,
  "lon_min": 75.7823057,
  "lon_max": 75.7903102,
  "image_width": 2000,
  "image_height": 2210,
  "dpi": 100
}